fact_check_timestamp,meme_post_url,disclaimer_url,original_misinformation_post_url,is_original_tweet_community_noted,fact_check_article_url,misinformation_user_username,user_id,user_followers_count,is_user_blue_verified,original_misinformation_post_date,time_difference_hours,meme_upload_url,meme_image_url,disclaimer_text,views_meme_post,views_disclaimer_post,likes_meme_post,likes_disclaimer_post,misinformation_post_deleted_by_user,x_post_tone,x_post_ai_gen_disclosure
2024-10-25 15:24:32.731792,https://x.com/Meme__Fact/status/1849819335562309974,https://x.com/Meme__Fact/status/1849819337000972339,https://x.com/chude__/status/1834156372386066608,False,https://fullfact.org/health/microwaves-safe/,Chud√©,9.1057237241095E+017,340731,True,Thu Sep 12 09:05:30 +0000 2024,1037,https://i.imgflip.com/97wscs.jpg,https://i.imgflip.com/5v6gwj.jpg,"@chude__ Hold up! The original post's claim caught our fact-checker's attention!
Want the full story? Check it out here: https://t.co/OFB0L4CFmR",26,25,0,0,no,humorous,no_ai
2024-10-25 15:27:45.320846,https://x.com/Meme__Fact/status/1849820142923923620,https://x.com/Meme__Fact/status/1849820144312218091,https://x.com/amuse/status/1847709972441817439,False,https://www.politifact.com/factchecks/2024/oct/23/tweets/social-media-posts-mislead-about-michigan-voter-ro/,@amuse,4239551,445913,True,Sat Oct 19 18:42:40 +0000 2024,139,https://i.imgflip.com/97wss2.jpg,https://i.imgflip.com/1otk96.jpg,"@amuse Plot twist! The post the AI-generated meme is replying to? It's been fact-checked!
Spoiler alert: The verdict appears to be False. Don't just take our meme's word for it, though.
For the full scoop, check out: https://t.co/cDbsU0QjgH",20,20,0,0,no,humorous,ai
2024-10-25 15:46:18.811139,https://x.com/Meme__Fact/status/1849824813445009892,https://x.com/Meme__Fact/status/1849824815076512132,https://x.com/nicksortor/status/1841543249644695884,False,https://www.factcheck.org/2024/10/posts-misrepresent-federal-response-funding-for-hurricane-helene-victims/,Nick Sortor,2162812627,580342,True,Wed Oct 02 18:18:19 +0000 2024,548,https://i.imgflip.com/97wvrw.jpg,https://i.imgflip.com/1iruch.jpg,"@nicksortor Fact-Check Context:
  1. This meme fact-checks the original post's claim.
  2. Full fact-check article source: https://t.co/fgzBPvOiGh",22,20,0,0,no,factual,no_ai
2024-10-28 16:41:54.535801,https://x.com/Meme__Fact/status/1850941066029224296,https://x.com/Meme__Fact/status/1850941068495528427,https://x.com/itsmarlamaples/status/1843395837847842934,False,https://www.factcheck.org/2024/10/conservative-influencers-misrepresent-routine-revision-to-defense-department-policy/,marla maples,206998507,53104,True,Mon Oct 07 20:59:51 +0000 2024,499,https://i.imgflip.com/986rgv.jpg,https://i.imgflip.com/26jxvz.jpg,"@itsmarlamaples Fact-Check Context:
  1. This AI-generated meme fact-checks the original post's claim.
  2. Full fact-check article source: https://t.co/E4zi9IcmC4",14,15,0,,no,factual,ai
2024-10-29 16:39:45.106347,https://x.com/Meme__Fact/status/1851302911424544816,https://x.com/Meme__Fact/status/1851302913416847744,https://x.com/jackunheard/status/1848931111147036830,False,https://www.politifact.com/factchecks/2024/oct/28/tweets/claims-that-the-harris-campaign-paid-lizzo-23-mill/,Jack,1.73177335391504E+018,63414,True,Wed Oct 23 03:35:03 +0000 2024,157,https://i.imgflip.com/98b7fk.jpg,https://i.imgflip.com/3qqcim.png,"@jackunheard Fact-Check Context:
  1. This AI-generated meme fact-checks the original post's claim.
  2. The claim appears to be: False.
  3. Full fact-check article source: https://t.co/xG9m5lDMWn",8,8,0,0,no,factual,ai
2024-10-29 16:43:01.869662,https://x.com/Meme__Fact/status/1851303736922284064,https://x.com/Meme__Fact/status/1851303738990113182,https://x.com/JackPosobiec/status/1841829598117400748,False,https://www.factcheck.org/2024/10/social-media-posts-misrepresent-airspace-restrictions-after-hurricane-helene/,Jack Poso üá∫üá∏,592730371,2806853,True,Thu Oct 03 13:16:10 +0000 2024,627,https://i.imgflip.com/98b878.jpg,https://i.imgflip.com/u0pf0.jpg,"@JackPosobiec Hold up! The original post's claim caught our fact-checker's attention!
Want the full story? Check it out here: https://t.co/Rm8BE6WVbV",9,9,0,0,no,humorous,no_ai
2024-10-29 16:44:59.473876,https://x.com/Meme__Fact/status/1851304230231163320,https://x.com/Meme__Fact/status/1851304232076656698,https://x.com/arva61138/status/1845629871059525967,True,https://fullfact.org/online/barack-obama-chant-joe-biden-altered-audio/,Blondelady2024,1.74814437925922E+018,21586,True,Mon Oct 14 00:57:06 +0000 2024,375,https://i.imgflip.com/98b8le.jpg,https://i.imgflip.com/3pnmg.jpg,"@arva61138 Hold up! The original post's claim caught our fact-checker's attention!
Want the full story? Check it out here: https://t.co/luAWliTPhK",13,12,0,0,no,humorous,no_ai
2024-10-29 16:56:43.805874,https://x.com/Meme__Fact/status/1851307184950239459,https://x.com/Meme__Fact/status/1851307186854519132,https://x.com/AndreaTantaros/status/1834298556355580081,False,https://www.factcheck.org/2024/10/unfounded-claims-target-springfield-officials-haitian-immigrants/,Andrea Tantaros,36452050,384476,True,Thu Sep 12 18:30:30 +0000 2024,1126,https://i.imgflip.com/98bag5.jpg,https://i.imgflip.com/u0pf0.jpg,"@AndreaTantaros Fact-Check Context:
  1. This AI-generated meme fact-checks the original post's claim.
  2. Full fact-check article source: https://t.co/Vv2uI4pBal",10,9,0,0,no,factual,ai
2024-10-30 16:53:04.108980,https://x.com/Meme__Fact/status/1851668650983411802,https://x.com/Meme__Fact/status/1851668652778574249,https://x.com/Sassafrass_84/status/1848489883603767516,True,https://www.politifact.com/factchecks/2024/oct/29/tweets/claims-about-180000-amish-registered-voters-in-lan/,Sassafrass84,1.43201411993116E+018,343715,True,Mon Oct 21 22:21:46 +0000 2024,210,https://i.imgflip.com/98fmps.jpg,https://i.imgflip.com/1o00in.jpg,"@Sassafrass_84 @ScottPresler Fact-Check Context:
  1. This AI-generated meme fact-checks the original post's claim.
  2. The claim appears to be: False.
  3. Full fact-check article source: https://t.co/LtOBzp2EZE",6,6,0,0,no,factual,ai
2024-10-30 16:57:09.258110,https://x.com/Meme__Fact/status/1851669679216984279,https://x.com/Meme__Fact/status/1851669680999587873,https://x.com/StivaliRyder/status/1850551724064252322,False,https://www.politifact.com/factchecks/2024/oct/29/tweets/no-new-yorkers-didnt-erect-an-anti-trump-sign-outs/,Stivali Ryder üåäüá∫üá≤üåªüá∫üá¶‚ôÄÔ∏è üåà #BlueCrew,1.49743788541865E+018,9184,False,Sun Oct 27 14:54:47 +0000 2024,74,https://i.imgflip.com/98fne9.jpg,https://i.imgflip.com/46e43q.png,"@StivaliRyder Plot twist! The post the meme is replying to? It's been fact-checked!
Spoiler alert: The verdict appears to be False. Don't just take our meme's word for it, though.
For the full scoop, check out: https://t.co/AMxEQD0g6v",10,9,0,0,no,humorous,no_ai
2024-10-30 16:59:43.634173,https://x.com/Meme__Fact/status/1851670326695936001,https://x.com/Meme__Fact/status/1851670328503599462,https://x.com/Sniper64286433/status/1850562652399161737,True,https://www.politifact.com/factchecks/2024/oct/28/tweets/photo-shows-obamas-2011-ireland-crowd-not-trumps-i/,üá∫üá∏SNIPERüá∫üá∏üçä,8.90630951100793E+017,27070,False,Sun Oct 27 15:38:12 +0000 2024,73,https://i.imgflip.com/98fnsa.jpg,https://i.imgflip.com/4pn1an.png,"@Sniper64286433 Plot twist! The post the AI-generated meme is replying to? It's been fact-checked!
Spoiler alert: The verdict appears to be False. Don't just take our meme's word for it, though.
For the full scoop, check out: https://t.co/vUeLwXOlZN",10,9,0,0,no,humorous,ai
2024-10-31 16:04:00.647373,https://x.com/Meme__Fact/status/1852018693632405729,https://x.com/Meme__Fact/status/1852018695440081229,https://x.com/ZAINABALI_72/status/1841182994595565706,True,https://www.politifact.com/factchecks/2024/oct/03/tweets/no-this-video-does-not-show-iran-missile-attack/,ZAINABZEHRAüáÆüá∑üá±üáßüáæüá™üáµüá∏,1.24752523040422E+018,79593,False,Tue Oct 01 18:26:48 +0000 2024,717,https://i.imgflip.com/98jwnr.jpg,https://i.imgflip.com/1nck6k.jpg,"@ZAINABALI_72 Fact-Check Context:
  1. This meme fact-checks the original post's claim.
  2. The claim appears to be: Completely False and Absurd.
  3. Full fact-check article source: https://t.co/QOkyQrLDWp",7,6,0,0,yes,factual,no_ai
2024-10-31 16:12:04.324743,https://x.com/Meme__Fact/status/1852020722056495396,https://x.com/Meme__Fact/status/1852020723788743094,https://x.com/DrLoupis/status/1845522968211767341,True,https://fullfact.org/online/idf-herzi-halevi-death-rumours/,Dr. Anastasia Maria Loupis,1.44623105725943E+018,1386255,True,Sun Oct 13 17:52:18 +0000 2024,430,https://i.imgflip.com/98jydx.jpg,https://i.imgflip.com/1wz1x.jpg,"@DrLoupis Hold up! The original post's claim caught our fact-checker's attention!
Want the full story? Check it out here: https://t.co/e1dptvdBe5",6,6,0,0,no,humorous,no_ai
2024-10-31 16:14:17.798738,https://x.com/Meme__Fact/status/1852021282482643302,https://x.com/Meme__Fact/status/1852021284009386269,https://x.com/jackunheard/status/1841549601188483269,True,https://www.politifact.com/factchecks/2024/oct/03/tweets/harris-speech-on-abortion-was-likely-ai-generated/,Jack,1.73177335391504E+018,65468,True,Wed Oct 02 18:43:33 +0000 2024,693,https://i.imgflip.com/98jysc.jpg,https://i.imgflip.com/9ehk.jpg,"@jackunheard Plot twist! The post the meme is replying to? It's been fact-checked!
Spoiler alert: The verdict appears to be Completely False and Absurd. Don't just take our meme's word for it, though.
For the full scoop, check out: https://t.co/pCd73BGFoS",13,11,0,0,no,humorous,no_ai
2024-10-31 16:25:46.859404,https://x.com/Meme__Fact/status/1852024172001583454,https://x.com/Meme__Fact/status/1852024173788356633,https://x.com/mattwallace888/status/1840473160124117289,True,https://www.politifact.com/factchecks/2024/oct/01/tweets/georgia-fire-took-place-at-pool-and-spa-product-ma/,Matt Wallace,8.05532293951607E+017,2216545,True,Sun Sep 29 19:26:10 +0000 2024,764,https://i.imgflip.com/98k07n.jpg,https://i.imgflip.com/grr.jpg,"@MattWallace888 @Kernel355650 Fact-Check Context:
  1. This AI-generated meme fact-checks the original post's claim.
  2. The claim appears to be: False.
  3. Full fact-check article source: https://t.co/yBWYIKmYUN",10,9,0,0,no,factual,ai
2024-11-01 16:56:47.140271,https://x.com/Meme__Fact/status/1852394362547626075,https://x.com/Meme__Fact/status/1852394364384715243,https://x.com/TheCoachJacob/status/1850906190244413512,True,https://fullfact.org/online/photo-drinkers-brain-ancient-human-brain/,Coach Jacob,1.50405045689243E+018,20218,True,Mon Oct 28 14:23:18 +0000 2024,98,https://i.imgflip.com/98nwka.jpg,https://i.imgflip.com/1bhw.jpg,"@TheCoachJacob Fact-Check Context:
  1. This AI-generated meme fact-checks the original post's claim.
  2. Full fact-check article source: https://t.co/h8JHAiKNqz",12,12,0,0,no,factual,ai
2024-11-01 16:59:56.588783,https://x.com/Meme__Fact/status/1852395157280248113,https://x.com/Meme__Fact/status/1852395158966329523,https://x.com/jackunheard/status/1850243828424597550,False,https://www.factcheck.org/2024/10/posts-make-unfounded-claim-about-beyonces-endorsement-of-harris/,Jack,1.73177335391504E+018,66249,True,Sat Oct 26 18:31:19 +0000 2024,142,https://i.imgflip.com/98nwxq.jpg,https://i.imgflip.com/1itoun.jpg,"@jackunheard Hold up! The original post's claim caught our fact-checker's attention!
Want the full story? Check it out here: https://t.co/43yzLWbXPt",14,14,0,0,no,humorous,no_ai
2024-11-04 17:07:58.022462,https://x.com/Meme__Fact/status/1853484340367262135,https://x.com/Meme__Fact/status/1853484342116336077,https://x.com/Bubblebathgirl/status/1851612330154410051,False,https://www.politifact.com/factchecks/2024/nov/01/tweets/video-shows-a-postal-worker-dropping-off-mail-ball/,Paul A. Szypula üá∫üá∏,32804484,247080,True,Wed Oct 30 13:09:15 +0000 2024,123,https://i.imgflip.com/98xg6s.jpg,https://i.imgflip.com/30b1gx.jpg,"@Bubblebathgirl Fact-Check Context:
  1. This meme fact-checks the original post's claim.
  2. The claim appears to be: Completely False and Absurd.
  3. Full fact-check article source: https://t.co/20TDAR8Qru",5,5,0,0,no,factual,no_ai
2024-11-04 17:11:21.135213,https://x.com/Meme__Fact/status/1853485192473645294,https://x.com/Meme__Fact/status/1853485194021417099,https://x.com/MazochiScott/status/1852129747909906446,False,https://www.politifact.com/factchecks/2024/nov/01/tweets/video-shows-haitians-who-claim-theyre-voting-for-h/,Louise Singley,1.3247224458954E+018,707,True,Thu Oct 31 23:25:17 +0000 2024,89,https://i.imgflip.com/98xgv5.jpg,https://i.imgflip.com/26am.jpg,"@MazochiScott @TaraBull808 Plot twist! The post the AI-generated meme is replying to? It's been fact-checked!
Spoiler alert: The verdict appears to be Completely False and Absurd. Don't just take our meme's word for it, though.
For the full scoop, check out: https://t.co/XjSNDkS5IV",10,8,0,0,no,humorous,ai
2024-11-04 17:13:12.219426,https://x.com/Meme__Fact/status/1853485657777197471,https://x.com/Meme__Fact/status/1853485659614269915,https://x.com/AmericaPapaBear/status/1852123157802684476,True,https://www.politifact.com/factchecks/2024/nov/01/tweets/ohio-voting-officials-say-they-have-not-received-r/,AmericanPapaBear,1.69957397538555E+018,103713,True,Thu Oct 31 22:59:06 +0000 2024,90,https://i.imgflip.com/98xh3b.jpg,https://i.imgflip.com/1ii4oc.jpg,"@AmericaPapaBear Plot twist! The post the meme is replying to? It's been fact-checked!
Spoiler alert: The verdict appears to be False. Don't just take our meme's word for it, though.
For the full scoop, check out: https://t.co/hp7bNdVs9W",6,6,0,0,yes,humorous,no_ai
2024-11-05 17:24:13.410135,https://x.com/Meme__Fact/status/1853850819378004034,https://x.com/Meme__Fact/status/1853850821051417075,https://x.com/palsvig/status/1851725422511133064,False,https://fullfact.org/online/haarp-spain-flooding/,Mads Palsvig,1116997146,40688,True,Wed Oct 30 20:38:38 +0000 2024,140,https://i.imgflip.com/99boba.jpg,https://i.imgflip.com/3vfrmx.jpg,"@Palsvig Hold up! The original post's claim caught our fact-checker's attention!
Want the full story? Check it out here: https://t.co/yRQdA22cu4",8,9,0,0,no,humorous,no_ai
2024-11-05 17:26:08.242589,https://x.com/Meme__Fact/status/1853851300351406204,https://x.com/Meme__Fact/status/1853851302381433088,https://x.com/TheRoyalSerf/status/1853162645425447265,True,https://www.politifact.com/factchecks/2024/nov/04/tweets/no-michael-jordan-hadnt-endorsed-donald-trump-as-o/,Serf,1.50991393829664E+018,31277,True,Sun Nov 03 19:49:39 +0000 2024,45,https://i.imgflip.com/99bonq.jpg,https://i.imgflip.com/u0pf0.jpg,"@TheRoyalSerf Fact-Check Context:
  1. This AI-generated meme fact-checks the original post's claim.
  2. The claim appears to be: False.
  3. Full fact-check article source: https://t.co/0rBlORcFz3",10,10,0,0,yes,factual,ai
2024-11-05 17:31:07.176328,https://x.com/Meme__Fact/status/1853852554452422875,https://x.com/Meme__Fact/status/1853852556218302587,https://x.com/PeterBernegger/status/1850565226690654556,False,https://www.politifact.com/factchecks/2024/nov/04/tweets/no-proof-us-postal-service-recently-changed-the-de/,Peter Bernegger,1.60775684482242E+018,47302,True,Sun Oct 27 15:48:26 +0000 2024,217,https://i.imgflip.com/99bpf5.jpg,https://i.imgflip.com/1otk96.jpg,"@PeterBernegger Plot twist! The post the meme is replying to? It's been fact-checked!
Spoiler alert: The verdict appears to be False. Don't just take our meme's word for it, though.
For the full scoop, check out: https://t.co/VCZAjQpU54",9,11,0,0,no,humorous,no_ai
2024-11-07 18:29:25.936574,https://x.com/Meme__Fact/status/1854592005302571090,https://x.com/Meme__Fact/status/1854592007068369092,https://x.com/HustleBitch_/status/1853795691362951677,False,https://www.politifact.com/factchecks/2024/nov/05/tweets/ballot-scanning-errors-caused-voting-delays-in-one/,HustleBitch,1.23131438711943E+018,38648,True,Tue Nov 05 13:45:09 +0000 2024,52,https://i.imgflip.com/99lm0v.jpg,https://i.imgflip.com/1bh8.jpg,"@HustleBitch_ Plot twist! The post the AI-generated meme is replying to? It's been fact-checked!
Spoiler alert: The verdict appears to be False. Don't just take our meme's word for it, though.
For the full scoop, check out: https://t.co/oX1e7FWUVk",7,7,0,0,no,humorous,ai
2024-11-07 18:31:19.187991,https://x.com/Meme__Fact/status/1854592480315928910,https://x.com/Meme__Fact/status/1854592481859452955,https://x.com/HustleBitch_/status/1853882904474157337,False,https://www.politifact.com/factchecks/2024/nov/06/tweets/ca-wildfire-related-power-shutoff-expected-after-p/,HustleBitch,1.23131438711943E+018,38645,True,Tue Nov 05 19:31:42 +0000 2024,46,https://i.imgflip.com/99lmds.jpg,https://i.imgflip.com/345v97.jpg,"@HustleBitch_ Fact-Check Context:
  1. This AI-generated meme fact-checks the original post's claim.
  2. The claim appears to be: False.
  3. Full fact-check article source: https://t.co/m8yErVmaoi",6,5,0,0,no,factual,ai
2024-11-07 18:35:50.443809,https://x.com/Meme__Fact/status/1854593618092196198,https://x.com/Meme__Fact/status/1854593619711160791,https://x.com/JohnBasham/status/1853653491274727594,False,https://www.politifact.com/factchecks/2024/nov/06/tweets/video-does-not-show-philadelphia-voting-officials/,John Basham,65159946,88823,True,Tue Nov 05 04:20:06 +0000 2024,62,https://i.imgflip.com/99ln40.jpg,https://i.imgflip.com/u0pf0.jpg,"@JohnBasham @JamesOKeefeIII Plot twist! The post the meme is replying to? It's been fact-checked!
Spoiler alert: The verdict appears to be False. Don't just take our meme's word for it, though.
For the full scoop, check out: https://t.co/IfXu59uSOn",6,6,0,0,no,humorous,no_ai
2024-11-07 18:37:12.694988,https://x.com/Meme__Fact/status/1854593963405017379,https://x.com/Meme__Fact/status/1854593964898210226,https://x.com/RealAF_Patriot/status/1851475313621963236,False,https://www.factcheck.org/2024/11/typo-in-trumps-name-on-ballot-review-screen-is-not-election-fraud/,RealAF Patriot,1.61596297677895E+018,39258,True,Wed Oct 30 04:04:48 +0000 2024,206,https://i.imgflip.com/99lnbv.jpg,https://i.imgflip.com/1itoun.jpg,"@RealAF_Patriot Hold up! The original post's claim caught our AI-powered fact-checker's attention!
Want the full story? Check it out here: https://t.co/Apa0TIO4Jv",6,6,0,0,no,humorous,ai
2024-11-07 18:41:07.772049,https://x.com/Meme__Fact/status/1854594949104189844,https://x.com/Meme__Fact/status/1854594950811283709,https://x.com/TPV_John/status/1854036593444634727,False,https://www.politifact.com/factchecks/2024/nov/06/tweets/vehicles-seen-in-msnbc-live-report-from-philadelph/,The Patriot Voice,1.63536980572422E+018,134009,True,Wed Nov 06 05:42:24 +0000 2024,36,https://i.imgflip.com/99lnsg.jpg,https://i.imgflip.com/5c7lwq.png,"@TPV_John Plot twist! The post the meme is replying to? It's been fact-checked!
Spoiler alert: The verdict appears to be False. Don't just take our meme's word for it, though.
For the full scoop, check out: https://t.co/A0roucnkwX",9,6,0,0,no,humorous,no_ai
2024-11-07 18:42:38.211061,https://x.com/Meme__Fact/status/1854595328151888375,https://x.com/Meme__Fact/status/1854595330056061411,https://x.com/cb_doge/status/1853874621897912671,True,https://www.factcheck.org/2024/11/googles-where-to-vote-search-result-reflects-quirk-of-candidate-surname-not-bias/,DogeDesigner,1.38991356767198E+018,961036,True,Tue Nov 05 18:58:47 +0000 2024,47,https://i.imgflip.com/99lo4g.jpg,https://i.imgflip.com/1yxkcp.jpg,"@cb_doge Hold up! The original post's claim caught our AI-powered fact-checker's attention!
Want the full story? Check it out here: https://t.co/yF6d0Z3uL2",8,5,0,0,no,humorous,ai
2024-11-08 17:27:05.893586,https://x.com/Meme__Fact/status/1854938706022408576,https://x.com/Meme__Fact/status/1854938707733737485,https://x.com/InsiderWorld_1/status/1850288948607643708,False,https://fullfact.org/online/child-rubble-gaza-miscaptioned-video/,The Palestinian,3923534654,96147,True,Sat Oct 26 21:30:36 +0000 2024,307,https://i.imgflip.com/99pvv5.jpg,https://i.imgflip.com/24y43o.jpg,"@InsiderWorld_1 Hold up! The original post's claim caught our fact-checker's attention!
Want the full story? Check it out here: https://t.co/QolnJno5xY",7,5,0,0,no,humorous,no_ai
2024-11-08 17:29:15.131027,https://x.com/Meme__Fact/status/1854939248341754040,https://x.com/Meme__Fact/status/1854939250099097702,https://x.com/jamiemcintyre21/status/1853964819017126092,False,https://www.politifact.com/factchecks/2024/nov/07/tweets/video-showing-trump-voter-assaulted-in-wisconsin-l/,jamiemcintyre,1.21440715289637E+018,22136,True,Wed Nov 06 00:57:12 +0000 2024,64,https://i.imgflip.com/99pw77.jpg,https://i.imgflip.com/m78d.jpg,"@jamiemcintyre21 Fact-Check Context:
  1. This AI-generated meme fact-checks the original post's claim.
  2. The claim appears to be: Completely False and Absurd.
  3. Full fact-check article source: https://t.co/nFgG92fSSh",14,7,0,0,no,factual,ai
2024-11-18 16:17:34.162642,https://x.com/Meme__Fact/status/1858545087019393364,https://x.com/Meme__Fact/status/1858545088999170405,https://x.com/bennyjohnson/status/1854084840099860528,False,https://www.factcheck.org/2024/11/both_sides_distort_incomplete_vote-counts_to_falsely_suggest_election_fraud/,Benny Johnson,15212187,3130562,True,Wed Nov 06 08:54:07 +0000 2024,295,https://i.imgflip.com/9arski.jpg,https://i.imgflip.com/30b1gx.jpg,"@bennyjohnson Fact-Check Context:
  1. This AI-generated meme fact-checks the original post's claim.
  2. Full fact-check article source: https://t.co/7I20ySOBF9",4,3,0,0,no,factual,ai
2024-11-18 16:31:36.119844,https://x.com/Meme__Fact/status/1858548618942128542,https://x.com/Meme__Fact/status/1858548620414329149,https://x.com/PopFusionHQ/status/1854200217756655658,False,https://www.factcheck.org/2024/11/posts-falsely-claim-cbs-news-reported-cheating-in-election/,Pop Fusion HQ,1.60557252965716E+018,2592,True,Wed Nov 06 16:32:35 +0000 2024,287,https://i.imgflip.com/9arsue.jpg,https://i.imgflip.com/22bdq6.jpg,"@PopFusionHQ Fact-Check Context:
  1. This AI-generated meme fact-checks the original post's claim.
  2. Full fact-check article source: https://t.co/ARDUrZ315N",4,4,0,0,no,factual,ai
2024-11-18 16:39:51.326127,https://x.com/Meme__Fact/status/1858550695470744060,https://x.com/Meme__Fact/status/1858550697504981258,https://x.com/SilentlySirs/status/1856480964991406144,True,https://fullfact.org/online/old-video-us-navy-ship-attack-arabian-sea/,SilencedSirs‚óºÔ∏è,1.71192699306586E+018,47684,True,Tue Nov 12 23:35:28 +0000 2024,137,https://i.imgflip.com/9arvp4.jpg,https://i.imgflip.com/65939r.jpg,"@SilentlySirs Fact-Check Context:
  1. This meme fact-checks the original post's claim.
  2. Full fact-check article source: https://t.co/F6vueJxkhm",4,4,0,0,no,factual,no_ai
2024-11-18 16:48:12.819982,https://x.com/Meme__Fact/status/1858552799379759422,https://x.com/Meme__Fact/status/1858552800927519184,https://x.com/jackunheard/status/1854374044524568822,True,https://fullfact.org/online/kamala-harris-states-voter-id-us-election/,Jack,1.73177335391504E+018,77646,True,Thu Nov 07 04:03:19 +0000 2024,276,https://i.imgflip.com/9arwwj.jpg,https://i.imgflip.com/65939r.jpg,"@jackunheard Fact-Check Context:
  1. This meme fact-checks the original post's claim.
  2. Full fact-check article source: https://t.co/jiZYHRLt7M",5,5,0,0,no,factual,no_ai
2024-11-18 16:49:53.783883,https://x.com/Meme__Fact/status/1858553222513697038,https://x.com/Meme__Fact/status/1858553224229249488,https://x.com/BGatesIsaPyscho/status/1855705055522881611,False,https://fullfact.org/online/nato-secretary-general-fake-quote-expel-united-states/,Concerned Citizen,629698642,703242,True,Sun Nov 10 20:12:17 +0000 2024,188,https://i.imgflip.com/9arxbx.jpg,https://i.imgflip.com/1bh8.jpg,"@BGatesIsaPyscho Fact-Check Context:
  1. This meme fact-checks the original post's claim.
  2. Full fact-check article source: https://t.co/Lb9VH0DnhZ",4,6,0,0,no,factual,no_ai
2024-11-18 16:54:58.257293,https://x.com/Meme__Fact/status/1858554499675066496,https://x.com/Meme__Fact/status/1858554501583483102,https://x.com/EuropeInvasions/status/1856240228572225937,True,https://fullfact.org/online/video-sudan-flag-not-palestine-flag/,Europe Invasion,195853497,602189,True,Tue Nov 12 07:38:52 +0000 2024,153,https://i.imgflip.com/9arxxs.jpg,https://i.imgflip.com/1yz6z4.jpg,"@EuropeInvasions Hold up! The original post's claim caught our fact-checker's attention!
Want the full story? Check it out here: https://t.co/QdnicB5hHX",12,13,0,0,no,humorous,no_ai
2024-11-19 16:31:08.423460,https://x.com/Meme__Fact/status/1858910890428391796,https://x.com/Meme__Fact/status/1858910891971944902,https://x.com/DisrespectedThe/status/1856273879720767764,False,https://www.politifact.com/factchecks/2024/nov/18/tweets/no-evidence-of-officials-threatening-keep-children/,The Disrespected Trucker,1.18646520385823E+018,231656,True,Tue Nov 12 09:52:35 +0000 2024,174,https://i.imgflip.com/9awczo.jpg,https://i.imgflip.com/64sz4u.png,"@DisrespectedThe Fact-Check Context:
  1. This meme fact-checks the original post's claim.
  2. The claim appears to be: False.
  3. Full fact-check article source: https://t.co/fO1auMBacS",9,6,0,0,no,factual,no_ai
2024-11-19 16:33:57.526294,https://x.com/Meme__Fact/status/1858911599462850627,https://x.com/Meme__Fact/status/1858911601128100144,https://x.com/MalcangiSarah/status/1853811526781571327,False,https://fullfact.org/online/video-earthquake-iran-nuclear-testing/,Sarah Malcangi,1.59739200121277E+018,11177,True,Tue Nov 05 14:48:04 +0000 2024,337,https://i.imgflip.com/9awdpc.jpg,https://i.imgflip.com/4acd7j.png,"@MalcangiSarah Fact-Check Context:
  1. This AI-generated meme fact-checks the original post's claim.
  2. Full fact-check article source: https://t.co/riwzBr5yfv",37,8,0,0,no,factual,ai
2024-11-21 16:48:16.633489,https://x.com/Meme__Fact/status/1859639978977816969,https://x.com/Meme__Fact/status/1859639980399747087,https://x.com/ZAINABALI_72/status/1855338186366738622,False,https://fullfact.org/online/cargo-ship-fire-sri-lanka-old-clip-not-houthi-attack/,ZAINABZEHRAüáÆüá∑üá±üáßüáæüá™üáµüá∏,1.24752523040422E+018,82846,False,Sat Nov 09 19:54:28 +0000 2024,284,https://i.imgflip.com/9b5ufb.jpg,https://i.imgflip.com/65939r.jpg,"@ZAINABALI_72 Fact-Check Context:
  1. This AI-generated meme fact-checks the original post's claim.
  2. Full fact-check article source: https://t.co/DV6j4gIDdX",22,9,0,0,no,factual,ai
2024-11-21 16:51:02.529734,https://x.com/Meme__Fact/status/1859640674741551517,https://x.com/Meme__Fact/status/1859640676385702272,https://x.com/umar_says_/status/1857190523330867566,False,https://fullfact.org/online/mike-tyson-palestine-flag-ai/,Umar Rao üáµüá∏,8.36720982266163E+017,19668,False,Thu Nov 14 22:35:00 +0000 2024,162,https://i.imgflip.com/9b5ut9.jpg,https://i.imgflip.com/3qqcim.png,"@umar_says_ Fact-Check Context:
  1. This meme fact-checks the original post's claim.
  2. Full fact-check article source: https://t.co/f3XLxoCKjE",13,12,0,0,yes,factual,no_ai
2024-11-21 16:53:16.556580,https://x.com/Meme__Fact/status/1859641236979585141,https://x.com/Meme__Fact/status/1859641238548312288,https://x.com/The_Real_Fly/status/1856194300691841175,True,https://fullfact.org/us/kash-patel-not-cia-director-appointed/,The_Real_Fly,15079601,202650,True,Tue Nov 12 04:36:22 +0000 2024,228,https://i.imgflip.com/9b5vb6.jpg,https://i.imgflip.com/1h7in3.jpg,"@The_Real_Fly Hold up! The original post's claim caught our fact-checker's attention!
Want the full story? Check it out here: https://t.co/atrYUUqTCJ",10,9,0,0,no,humorous,no_ai
2024-11-25 16:18:12.477955,https://x.com/Meme__Fact/status/1861081962888208527,https://x.com/Meme__Fact/status/1861081964486238476,https://x.com/BBlues100/status/1858908085898625083,False,https://fullfact.org/online/sadiq-khan-farmer-protest-fake-quote/,ùìëùìëùìµùìæùìÆùìº üá¨üáß,1.56430811661072E+018,48833,False,Tue Nov 19 16:19:59 +0000 2024,143,https://i.imgflip.com/9bl4oi.jpg,https://i.imgflip.com/2gnnjh.jpg,"@BBlues100 Fact-Check Context:
  1. This meme fact-checks the original post's claim.
  2. Full fact-check article source: https://t.co/RpURDYrCCo",7,6,0,0,no,factual,no_ai
2024-11-26 16:37:36.830125,https://x.com/Meme__Fact/status/1861449230738420026,https://x.com/Meme__Fact/status/1861449233343115745,https://x.com/Rahimi33224/status/1857646872808272051,True,https://fullfact.org/online/tel-aviv-2023-attack-kiryat-shmona/,ùêÑùêßùê†.ùêéùêõùêöùê¢ùêùùêÆùê•ùê•ùêöùê° ùêëùêöùê°ùê¢ùê¶ùê¢,1.70395491697129E+018,6367,True,Sat Nov 16 04:48:22 +0000 2024,251,https://i.imgflip.com/9bptk0.jpg,https://i.imgflip.com/3gdsh1.jpg,"@Rahimi33224 @A_Hejran313 @_mushtaque_ @Adil2india @Amley_west @AnasAlSharif0 @argonzalezcor @ashadbm0 @b4n53pu12 Hold up! The original post's claim caught our fact-checker's attention!
Want the full story? Check it out here: https://t.co/w1TcArZruV",7,4,0,0,no,humorous,no_ai
2024-11-26 16:39:49.262063,https://x.com/Meme__Fact/status/1861449790367645994,https://x.com/Meme__Fact/status/1861449791814676733,https://x.com/NavCom24/status/1855261797407686955,False,https://fullfact.org/online/india-brics-core-committee-removal-false/,Ironclad,1.70707911801224E+018,23130,True,Sat Nov 09 14:50:56 +0000 2024,409,https://i.imgflip.com/9bptxg.jpg,https://i.imgflip.com/44eggm.png,"@NavCom24 Hold up! The original post's claim caught our fact-checker's attention!
Want the full story? Check it out here: https://t.co/7aKNuqyMBR",7,4,0,0,yes,humorous,no_ai
2024-11-27 16:06:40.169839,https://x.com/Meme__Fact/status/1861803835368276229,https://x.com/Meme__Fact/status/1861803836962140540,https://x.com/tokunbo_wahab/status/1860744395445723563,True,https://fullfact.org/online/athens-flooding-september-clip/,Tokunbo Wahab,1.55238937217098E+018,28617,True,Sun Nov 24 17:56:49 +0000 2024,70,https://i.imgflip.com/9bu7zk.jpg,https://i.imgflip.com/19vcz0.jpg,"@tokunbo_wahab Fact-Check Context:
  1. This meme fact-checks the original post's claim.
  2. Full fact-check article source: https://t.co/cKwVDxc9Yc",4,5,0,0,no,factual,no_ai
2024-11-28 16:17:00.687083,https://x.com/Meme__Fact/status/1862168825375965421,https://x.com/Meme__Fact/status/1862168827158544684,https://x.com/dave43law/status/1860811815707435346,False,https://fullfact.org/news/mps-signing-petition-calling-for-general-election/,dave lawrence üêüüêüüê†,528674835,57277,True,Sun Nov 24 22:24:43 +0000 2024,89,https://i.imgflip.com/9byktm.jpg,https://i.imgflip.com/64sz4u.png,"@dave43law Fact-Check Context:
  1. This meme fact-checks the original post's claim.
  2. Full fact-check article source: https://t.co/w3IqXiOnXt",5,4,0,0,no,factual,no_ai
2024-11-28 16:19:00.903909,https://x.com/Meme__Fact/status/1862169329652941039,https://x.com/Meme__Fact/status/1862169331410354207,https://x.com/NotFarLeftAtAll/status/1861091400747487347,True,https://fullfact.org/online/starmer-video-citizens-told-to-leave/,WeGotitBack üè¥Û†ÅßÛ†Å¢Û†Å•Û†ÅÆÛ†ÅßÛ†Åøüá¨üáßüá∫üá∏,1.58609431349006E+018,156122,True,Mon Nov 25 16:55:42 +0000 2024,71,https://i.imgflip.com/9byl2b.jpg,https://i.imgflip.com/gtj5t.jpg,"@NotFarLeftAtAll Hold up! The original post's claim caught our AI-powered fact-checker's attention!
Want the full story? Check it out here: https://t.co/DP1adpv3CW",5,7,0,0,no,humorous,ai
2024-11-28 16:23:51.790078,https://x.com/Meme__Fact/status/1862170549708865582,https://x.com/Meme__Fact/status/1862170551457845571,https://x.com/alx/status/1860604362042540080,False,https://fullfact.org/us/rachel-maddow-video-not-reaction-to-elon-musk-altered/,ALX üá∫üá∏,534023,863830,True,Sun Nov 24 08:40:22 +0000 2024,103,https://i.imgflip.com/9byls5.jpg,https://i.imgflip.com/8k0sa.jpg,"@alx Hold up! The original post's claim caught our fact-checker's attention!
Want the full story? Check it out here: https://t.co/wcy5u5pt1C",6,7,0,0,no,humorous,no_ai
2024-11-28 16:27:42.490155,https://x.com/Meme__Fact/status/1862171517477396700,https://x.com/Meme__Fact/status/1862171519226429631,https://x.com/SecretFire79/status/1859306418077303162,False,https://fullfact.org/online/abortion-sign-edited/,üî•‚ò©JMT‚ò©üî•,1.75997695507893E+018,22132,True,Wed Nov 20 18:42:48 +0000 2024,189,https://i.imgflip.com/9bym7p.jpg,https://i.imgflip.com/wxica.jpg,"@SecretFire79 Fact-Check Context:
  1. This meme fact-checks the original post's claim.
  2. Full fact-check article source: https://t.co/LVKg1veNSQ",9,9,0,0,no,factual,no_ai
2024-11-28 16:31:35.565887,https://x.com/Meme__Fact/status/1862172495362584706,https://x.com/Meme__Fact/status/1862172496843174311,https://x.com/jakepaul/status/1854650447362933204,False,https://www.factcheck.org/2024/11/viral-claim-falsely-suggests-trump-ended-violence-in-gaza/,Jake Paul,581301629,4752269,True,Thu Nov 07 22:21:39 +0000 2024,498,https://i.imgflip.com/9bymv4.jpg,https://i.imgflip.com/24y43o.jpg,"@jakepaul Hold up! The original post's claim caught our fact-checker's attention!
Want the full story? Check it out here: https://t.co/iGjYuFksg6",16,9,0,0,no,humorous,no_ai
2024-11-29 16:54:08.091324,https://x.com/Meme__Fact/status/1862540555932053970,https://x.com/Meme__Fact/status/1862540557827858627,https://x.com/gbullstein/status/1859847926752661710,False,https://fullfact.org/online/fake-guardian-article-gaza-bradford/,Pugh Himple,1.25798516257242E+018,22779,True,Fri Nov 22 06:34:34 +0000 2024,178,https://i.imgflip.com/9c2h3q.jpg,https://i.imgflip.com/145qvv.jpg,"@GBullstein Hold up! The original post's claim caught our AI-powered fact-checker's attention!
Want the full story? Check it out here: https://t.co/P0hC0OOLyM",11,8,0,0,no,humorous,ai
2024-11-29 16:58:01.890689,https://x.com/Meme__Fact/status/1862541536807846367,https://x.com/Meme__Fact/status/1862541538372337717,https://x.com/ZAINABALI_72/status/1860744753559523455,False,https://fullfact.org/online/factory-fire-west-bank-not-hezbollah-attack-israel/,ZAINABZEHRAüáÆüá∑üá±üáßüáæüá™üáµüá∏,1.24752523040422E+018,84218,False,Sun Nov 24 17:58:14 +0000 2024,118,https://i.imgflip.com/9c2hlk.jpg,https://i.imgflip.com/1ii4oc.jpg,"@ZAINABALI_72 Hold up! The original post's claim caught our AI-powered fact-checker's attention!
Want the full story? Check it out here: https://t.co/34S1iHPQYj",11,10,0,0,yes,humorous,ai
2024-11-29 17:00:21.627096,https://x.com/Meme__Fact/status/1862542122714296392,https://x.com/Meme__Fact/status/1862542124220096829,https://x.com/myhiddenvalue/status/1795063297743434149,False,https://fullfact.org/online/virus-patents-image/,Not A Number,83856637,204464,True,Mon May 27 12:03:35 +0000 2024,4468,https://i.imgflip.com/9c2ht8.jpg,https://i.imgflip.com/8k0sa.jpg,"@myhiddenvalue Hold up! The original post's claim caught our AI-powered fact-checker's attention!
Want the full story? Check it out here: https://t.co/nw98CZvp8I",13,11,0,0,no,humorous,ai
2024-11-29 17:02:19.798433,https://x.com/Meme__Fact/status/1862542618141306891,https://x.com/Meme__Fact/status/1862542619881988310,https://x.com/MonitorX99800/status/1856680427236299128,True,https://fullfact.org/online/attack-us-aircraft-carrier-yemen-false-arma-gameplay-old-footage/,Monitorùïè,1.23592964624139E+018,19203,True,Wed Nov 13 12:48:03 +0000 2024,388,https://i.imgflip.com/9c2i44.jpg,https://i.imgflip.com/3pnmg.jpg,"@MonitorX99800 Hold up! The original post's claim caught our AI-powered fact-checker's attention!
Want the full story? Check it out here: https://t.co/IBWiISQIW1",20,16,0,0,no,humorous,ai
2024-12-03 16:03:52.511241,https://x.com/Meme__Fact/status/1863977459026145774,https://x.com/Meme__Fact/status/1863977460557103158,https://x.com/AI_GuruX/status/1861427881181880675,True,https://fullfact.org/online/plane-crash-into-bridge-digital-art/,AI Guruüí°,1.80919713596926E+018,11421,True,Tue Nov 26 15:12:45 +0000 2024,168,https://i.imgflip.com/9cgmj9.jpg,https://i.imgflip.com/4rwb.jpg,"@AI_GuruX Fact-Check Context:
  1. This AI-generated meme fact-checks the original post's claim.
  2. Full fact-check article source: https://t.co/gnV2qedNn0",13,15,0,0,no,factual,ai
2024-12-03 16:06:04.507002,https://x.com/Meme__Fact/status/1863978012523258209,https://x.com/Meme__Fact/status/1863978014008029584,https://x.com/jamiemcintyre21/status/1861559886129308142,True,https://fullfact.org/environment/pilot-fired-refused-spray-chemtrails-satire/,jamiemcintyre,1.21440715289637E+018,25572,True,Tue Nov 26 23:57:17 +0000 2024,160,https://i.imgflip.com/9cgmvq.jpg,https://i.imgflip.com/5312.jpg,"@jamiemcintyre21 Fact-Check Context:
  1. This meme fact-checks the original post's claim.
  2. Full fact-check article source: https://t.co/WkU7gTa0It",49,19,0,0,no,factual,no_ai
2024-12-03 16:08:53.784937,https://x.com/Meme__Fact/status/1863978722950369739,https://x.com/Meme__Fact/status/1863978724405760443,https://x.com/MostlyPeacefull/status/1863312862837440545,True,https://www.politifact.com/factchecks/2024/dec/02/tweets/no-trumps-fbi-director-pick-kash-patel-didnt-call/,Mostly Peaceful Memes,1.39328720842608E+018,491995,True,Sun Dec 01 20:02:59 +0000 2024,44,https://i.imgflip.com/9cgndl.jpg,https://i.imgflip.com/9iz9.jpg,"@MostlyPeacefull Plot twist! The post the meme is replying to? It's been fact-checked!
Spoiler alert: The verdict appears to be False. Don't just take our meme's word for it, though.
For the full scoop, check out: https://t.co/Xf5wnKib0d",25,22,0,0,no,humorous,no_ai
2024-12-09 16:17:31.638983,https://x.com/Meme__Fact/status/1866155221790957865,https://x.com/Meme__Fact/status/1866155223401570550,https://x.com/QTHESTORMM/status/1862897176105320538,True,https://fullfact.org/us/structure-white-house-jail-claim-false/,Q ‚Ñ¢Ô∏è,1.39585920000631E+018,241256,True,Sat Nov 30 16:31:12 +0000 2024,215,https://i.imgflip.com/9d5v1q.jpg,https://i.imgflip.com/61x8.jpg,"@QTHESTORMM Fact-Check Context:
  1. This AI-generated meme fact-checks the original post's claim.
  2. Full fact-check article source: https://t.co/WJge6WLMfJ",12,12,0,0,no,factual,ai
2024-12-09 16:20:03.676325,https://x.com/Meme__Fact/status/1866155859098673606,https://x.com/Meme__Fact/status/1866155861090967565,https://x.com/juneslater17/status/1863738328794755156,False,https://fullfact.org/online/newport-eco-posts-air-sensors-false-claim-siren-stay-inside/,June Slater,1.19184390345821E+018,189380,True,Tue Dec 03 00:13:38 +0000 2024,160,https://i.imgflip.com/9d5vbu.jpg,https://i.imgflip.com/1w7ygt.jpg,"@juneslater17 Hold up! The original post's claim caught our fact-checker's attention!
Want the full story? Check it out here: https://t.co/zWAxaHE4rw",12,11,0,0,no,humorous,no_ai
2024-12-09 16:22:21.261001,https://x.com/Meme__Fact/status/1866156435878318254,https://x.com/Meme__Fact/status/1866156437329617076,https://x.com/grantstern/status/1863739517598859338,True,https://www.factcheck.org/2024/12/bush-carter-didnt-pardon-relatives-contrary-to-posts/,Grant Stern Ó®Ägrantstern.bsky.social,19422491,194924,True,Tue Dec 03 00:18:22 +0000 2024,160,https://i.imgflip.com/9d5vpy.jpg,https://i.imgflip.com/5yuf6.jpg,"@grantstern Hold up! The original post's claim caught our fact-checker's attention!
Want the full story? Check it out here: https://t.co/UaMWFGcdSJ",18,14,0,0,no,humorous,no_ai
2024-12-11 16:26:36.311656,https://x.com/Meme__Fact/status/1866882282088214611,https://x.com/Meme__Fact/status/1866882283577192845,https://x.com/MaxessTv/status/1864775244583469070,True,https://fullfact.org/news/earthquake-california-video-taiwan-taipei-false/,Maxess,1.7749293185582E+018,3132,True,Thu Dec 05 20:53:58 +0000 2024,139,https://i.imgflip.com/9df62c.jpg,https://i.imgflip.com/2odckz.jpg,"Fact-Check Context:
  1. This meme fact-checks the original post's claim.
  2. Full fact-check article source: https://t.co/QT7DTarCDR",111,106,0,0,yes,factual,no_ai
2024-12-11 16:30:32.288661,https://x.com/Meme__Fact/status/1866883271809741282,https://x.com/Meme__Fact/status/1866883273718149632,https://x.com/matt_vanswol/status/1859366189585063995,False,https://www.politifact.com/factchecks/2024/dec/10/tweets/how-much-temporary-housing-has-fema-provided-to-nc/,Matt Van Swol,1.24406889615771E+018,52359,True,Wed Nov 20 22:40:19 +0000 2024,497,https://i.imgflip.com/9df6t0.jpg,https://i.imgflip.com/3xog.jpg,"@matt_vanswol Fact-Check Context:
  1. This AI-generated meme fact-checks the original post's claim.
  2. The claim appears to be: Half-True.
  3. Full fact-check article source: https://t.co/w4NrI0C3d2",14,13,0,0,no,factual,ai
2024-12-13 17:19:36.153901,https://x.com/Meme__Fact/status/1867620394917568859,https://x.com/Meme__Fact/status/1867620396830196028,https://x.com/handleitgrips/status/1864170710333108594,True,https://fullfact.org/online/clip-miscaptioned-pirates-us-navy-testing/,Handleit Grips,8.24104925659415E+017,110926,True,Wed Dec 04 04:51:46 +0000 2024,228,https://i.imgflip.com/9dok2a.jpg,https://i.imgflip.com/9vct.jpg,"@handleitgrips Fact-Check Context:
  1. This AI-generated meme fact-checks the original post's claim.
  2. Full fact-check article source: https://t.co/vT1iZvlVKo",12,10,0,0,no,factual,ai
2024-12-13 17:21:51.967047,https://x.com/Meme__Fact/status/1867620964827029907,https://x.com/Meme__Fact/status/1867620966748106919,https://x.com/DD_Geopolitics/status/1864438914595082752,False,https://fullfact.org/online/miscaptioned-video-shooting-range-kentucky-not-syria/,DD Geopolitics,632475061,345033,True,Wed Dec 04 22:37:31 +0000 2024,210,https://i.imgflip.com/9dokbq.jpg,https://i.imgflip.com/3dd2.jpg,"@DD_Geopolitics Hold up! The original post's claim caught our fact-checker's attention!
Want the full story? Check it out here: https://t.co/0WUgqARXcQ",21,12,0,0,no,humorous,no_ai
2024-12-17 17:19:19.561568,https://x.com/Meme__Fact/status/1869069876561691025,https://x.com/Meme__Fact/status/1869069878394536126,https://x.com/kimKBaltimore/status/1863398908895822256,False,https://www.factcheck.org/2024/12/gun-charges-against-hunter-biden-didnt-come-from-1994-crime-bill/,Kimberly Klacik,1259714432,587325,True,Mon Dec 02 01:44:54 +0000 2024,375,https://i.imgflip.com/9e2rfq.jpg,https://i.imgflip.com/qq02.jpg,"@kimKBaltimore @JoeBiden Fact-Check Context:
  1. This meme fact-checks the original post's claim.
  2. Full fact-check article source: https://t.co/rk127Lv0kA",15,14,0,0,no,factual,no_ai
2024-12-18 16:22:55.857071,https://x.com/Meme__Fact/status/1869418072978698576,https://x.com/Meme__Fact/status/1869418074467676430,https://x.com/BUDDYHEAD_/status/1867394371311825035,True,https://fullfact.org/online/new-york-times-fake-headline-luigi-mangione/,BUDDYHEAD,1.81867338744482E+018,1477,True,Fri Dec 13 02:21:27 +0000 2024,134,https://i.imgflip.com/9e6z6y.jpg,https://i.imgflip.com/odluv.jpg,"@BUDDYHEAD_ Fact-Check Context:
  1. This AI-generated meme fact-checks the original post's claim.
  2. Full fact-check article source: https://t.co/RbCaEGwMAC",13,12,0,0,no,factual,ai
2024-12-18 16:28:01.102554,https://x.com/Meme__Fact/status/1869419352778289179,https://x.com/Meme__Fact/status/1869419354699280407,https://x.com/DailyNoahNews/status/1867632077925233114,False,https://fullfact.org/online/gaza-actor-limp-wrong-food-iraq-comedy-skit/,Noah Christopher,1.53721938164998E+018,35601,True,Fri Dec 13 18:06:00 +0000 2024,118,https://i.imgflip.com/9e6zx8.jpg,https://i.imgflip.com/64i9.jpg,"@DailyNoahNews Fact-Check Context:
  1. This AI-generated meme fact-checks the original post's claim.
  2. Full fact-check article source: https://t.co/Vb135QXN3c",21,13,0,0,no,factual,ai
2024-12-20 17:49:14.673204,https://x.com/Meme__Fact/status/1870164569974259742,https://x.com/Meme__Fact/status/1870164571773604305,https://x.com/DrJaiNathSingh3/status/1867557509554127054,False,https://fullfact.org/online/halloween-set-china-false-claims-hindu-genocide-bangladesh/,Dr JaiNath Singh .,1.46017063913898E+018,4957,True,Fri Dec 13 13:09:42 +0000 2024,172,https://i.imgflip.com/9efyf9.jpg,https://i.imgflip.com/shew.jpg,"@DrJaiNathSingh3 Fact-Check Context:
  1. This meme fact-checks the original post's claim.
  2. Full fact-check article source: https://t.co/vcaIE1ZcUW",14,7,0,0,no,factual,no_ai
2024-12-20 17:52:20.972035,https://x.com/Meme__Fact/status/1870165351750627344,https://x.com/Meme__Fact/status/1870165353268969606,https://x.com/VividProwess/status/1868984921509052488,False,https://fullfact.org/news/video-syria-not-gaza-false-claim/,Vivid.üáÆüá±,1.11721036159221E+018,247772,True,Tue Dec 17 11:41:44 +0000 2024,78,https://i.imgflip.com/9efyxt.jpg,https://i.imgflip.com/93qc5f.png,"@VividProwess Fact-Check Context:
  1. This AI-generated meme fact-checks the original post's claim.
  2. Full fact-check article source: https://t.co/kTgaHpHtd5",24,9,0,0,no,factual,ai
2025-01-02 16:12:03.688415,https://x.com/Meme__Fact/status/1874851155135643893,https://x.com/Meme__Fact/status/1874851156909855107,https://x.com/RyanCleckner/status/1874565784032477283,True,https://fullfact.org/online/new-orleans-police-badge-upside-down-tradition/,Ryan Cleckner,24039047,10397,True,Wed Jan 01 21:18:05 +0000 2025,18,https://i.imgflip.com/9fh225.jpg,https://i.imgflip.com/qq02.jpg,"@RyanCleckner Hold up! The original post's claim caught our fact-checker's attention!
Want the full story? Check it out here: https://t.co/3DcNSxPsxD",20,9,0,0,no,humorous,no_ai
2025-01-08 16:55:16.028157,https://x.com/Meme__Fact/status/1877036353528934473,https://x.com/Meme__Fact/status/1877036356108529728,https://x.com/LizaRosen0000/status/1871634423176913003,False,https://fullfact.org/news/palestinian-church-attacked-christmas-video-partly-false/,Liza Rosen,1.12927974006874E+018,108960,True,Tue Dec 24 19:09:54 +0000 2024,357,https://i.imgflip.com/9g10sm.jpg,https://i.imgflip.com/9af9xt.jpg,"@LizaRosen0000 Hold up! The original post's claim caught our AI-powered fact-checker's attention!
Want the full story? Check it out here: https://t.co/266kt6CTZa",10,12,0,0,no,humorous,ai
2025-01-09 16:09:20.786791,https://x.com/Meme__Fact/status/1877387186552664218,https://x.com/Meme__Fact/status/1877387188444319983,https://x.com/MarioNawfal/status/1875150508660322532,False,https://fullfact.org/crime/grooming-gang-victims-musk-pearson-champion/,Mario Nawfal,1.31928776104872E+018,1893420,True,Fri Jan 03 12:01:34 +0000 2025,148,https://i.imgflip.com/9g4xe0.jpg,https://i.imgflip.com/9iz9.jpg,"@MarioNawfal Fact-Check Context:
  1. This AI-generated meme fact-checks the original post's claim.
  2. Full fact-check article source: https://t.co/721J08KQ1t",27,13,0,0,no,factual,ai
2025-01-09 16:12:04.491399,https://x.com/Meme__Fact/status/1877387873600557129,https://x.com/Meme__Fact/status/1877387875374833697,https://x.com/vyronic_/status/1875199110552424825,True,https://fullfact.org/online/keir-starmer-jimmy-savile-deepfake/,Vember,1.82438080078096E+018,1556,True,Fri Jan 03 15:14:42 +0000 2025,144,https://i.imgflip.com/9g4xpb.jpg,https://i.imgflip.com/8u2j.jpg,"@vyronic_ Fact-Check Context:
  1. This meme fact-checks the original post's claim.
  2. Full fact-check article source: https://t.co/YHqu1fQK0G",15,15,0,0,no,factual,no_ai
2025-01-09 16:14:32.571620,https://x.com/Meme__Fact/status/1877388494282146050,https://x.com/Meme__Fact/status/1877388496140120302,https://x.com/EzeemmaCraic/status/1875919419270201762,False,https://fullfact.org/online/ufo-video-germany-black-forest-cgi/,Ezee,1.77245490628622E+018,944,True,Sun Jan 05 14:56:57 +0000 2025,97,https://i.imgflip.com/9g4y34.jpg,https://i.imgflip.com/dzrtk.jpg,"@EzeemmaCraic Hold up! The original post's claim caught our AI-powered fact-checker's attention!
Want the full story? Check it out here: https://t.co/8rjAbm9UiM",56,12,1,0,no,humorous,ai
2025-01-09 16:16:34.675356,https://x.com/Meme__Fact/status/1877389004946944028,https://x.com/Meme__Fact/status/1877389006964404287,https://x.com/GBullstein/status/1873653486476579109,False,https://fullfact.org/online/fake-guardian-article-nhs-treatment-white-people/,Pugh Himple,1.25798516257242E+018,23519,True,Mon Dec 30 08:52:56 +0000 2024,247,https://i.imgflip.com/9g4ygp.jpg,https://i.imgflip.com/odluv.jpg,"@GBullstein Fact-Check Context:
  1. This AI-generated meme fact-checks the original post's claim.
  2. Full fact-check article source: https://t.co/8Hh2C8zyCT",12,11,0,0,no,factual,ai
2025-01-13 17:03:41.438620,https://x.com/Meme__Fact/status/1878850413601976651,https://x.com/Meme__Fact/status/1878850415552250229,https://x.com/LilMoonLambo/status/1877210618257719784,True,https://fullfact.org/us/hollyood-sign-la-burning-ai-generated/,LilMoonLambo,2593497397,211516,True,Thu Jan 09 04:27:42 +0000 2025,108,https://i.imgflip.com/9gjdrj.jpg,https://i.imgflip.com/8tlh.jpg,"@LilMoonLambo Hold up! The original post's claim caught our AI-powered fact-checker's attention!
Want the full story? Check it out here: https://t.co/UMvgLtDoj8",9,10,0,0,yes,humorous,ai
2025-01-13 17:09:26.641195,https://x.com/Meme__Fact/status/1878851861811253419,https://x.com/Meme__Fact/status/1878851863514095983,https://x.com/BGatesIsaPyscho/status/1870069733359304853,True,https://fullfact.org/online/video-drones-spraying-american-citizens-china-2022/,Concerned Citizen,629698642,807698,True,Fri Dec 20 11:32:23 +0000 2024,581,https://i.imgflip.com/9gjely.jpg,https://i.imgflip.com/2896ro.jpg,"@BGatesIsaPyscho Fact-Check Context:
  1. This AI-generated meme fact-checks the original post's claim.
  2. Full fact-check article source: https://t.co/qbdswrez8w",10,8,0,0,no,factual,ai
2025-01-13 17:11:39.846065,https://x.com/Meme__Fact/status/1878852420362551619,https://x.com/Meme__Fact/status/1878852421994107157,https://x.com/watchman_ray/status/1877278173047468361,False,https://fullfact.org/online/hollywood-sign-not-on-fire/,Watchman Ray,61709631,2936,True,Thu Jan 09 08:56:09 +0000 2025,104,https://i.imgflip.com/9gjeyv.jpg,https://i.imgflip.com/shew.jpg,"@watchman_ray Fact-Check Context:
  1. This AI-generated meme fact-checks the original post's claim.
  2. Full fact-check article source: https://t.co/b5NIqCUHBg",14,12,1,1,no,factual,ai
2025-01-13 17:14:17.127451,https://x.com/Meme__Fact/status/1878853080810189205,https://x.com/Meme__Fact/status/1878853082332708945,https://x.com/NewsWff/status/1876885445570609492,False,https://www.politifact.com/factchecks/2025/jan/10/tweets/no-this-video-doesnt-show-directed-energy-weapons/,WFF NEWS üóû,1.58757681360518E+018,432,True,Wed Jan 08 06:55:35 +0000 2025,130,https://i.imgflip.com/9gjfa5.jpg,https://i.imgflip.com/28s2gu.jpg,"@NewsWff Plot twist! The post the meme is replying to? It's been fact-checked!
Spoiler alert: The verdict appears to be False. Don't just take our meme's word for it, though.
For the full scoop, check out: https://t.co/rfToi548xV",26,12,0,0,no,humorous,no_ai
2025-01-14 17:33:15.125195,https://x.com/Meme__Fact/status/1879220242200560033,https://x.com/Meme__Fact/status/1879220243656024227,https://x.com/Shubhamsingh038/status/1878010141205000343,False,https://fullfact.org/online/la-firefighting-plane-crash-chile/,Shubham Singh,7.23782695579451E+017,1447,True,Sat Jan 11 09:24:44 +0000 2025,80,https://i.imgflip.com/9gnmx3.jpg,https://i.imgflip.com/2alf.jpg,"@Shubhamsingh038 Hold up! The original post's claim caught our AI-powered fact-checker's attention!
Want the full story? Check it out here: https://t.co/Uj9iuttfQW",12,11,0,0,no,humorous,ai
2025-01-14 18:28:01.198458,https://x.com/Meme__Fact/status/1879234024368918659,https://x.com/Meme__Fact/status/1879234025836912862,https://x.com/DineshDSouza/status/1878210454381601059,True,https://www.factcheck.org/2025/01/oregon-fire-trucks-fighting-l-a-blazes-didnt-require-emissions-testing/,Dinesh D'Souza,91882544,4710432,True,Sat Jan 11 22:40:42 +0000 2025,67,https://i.imgflip.com/9gnuvd.jpg,https://i.imgflip.com/3xog.jpg,"@DineshDSouza Fact-Check Context:
  1. This meme fact-checks the original post's claim.
  2. Full fact-check article source: https://t.co/6LfbbTmTsd",49,13,1,0,no,factual,no_ai
2025-01-15 18:02:12.256612,https://x.com/Meme__Fact/status/1879589913420501158,https://x.com/Meme__Fact/status/1879589916520157536,https://x.com/TheReal_BenU/status/1877944202522165490,False,https://fullfact.org/us/la-fires-supercar-image-digital-creation/,Benjamin Uber,1.58605340328485E+018,4455,True,Sat Jan 11 05:02:43 +0000 2025,108,https://i.imgflip.com/9gs3d3.jpg,https://i.imgflip.com/4rwb.jpg,"@TheReal_BenU Fact-Check Context:
  1. This meme fact-checks the original post's claim.
  2. Full fact-check article source: https://t.co/OK8KQRwSjy",14,9,0,0,no,factual,no_ai
2025-01-16 16:03:20.526052,https://x.com/Meme__Fact/status/1879922390882267398,https://x.com/Meme__Fact/status/1879922392547381417,https://x.com/RNCResearch/status/1878972428682142140,True,https://www.factcheck.org/2025/01/770-payments-are-just-one-form-of-federal-aid-to-l-a-fire-victims/,RNC Research,55329156,663050,True,Tue Jan 14 01:08:31 +0000 2025,62,https://i.imgflip.com/9gvypc.jpg,https://i.imgflip.com/8tlh.jpg,"@RNCResearch Hold up! The original post's claim caught our AI-powered fact-checker's attention!
Want the full story? Check it out here: https://t.co/QxxmIGR6QA",26,11,0,0,no,humorous,ai
2025-01-23 16:26:58.972317,https://x.com/Meme__Fact/status/1882465053259030613,https://x.com/Meme__Fact/status/1882465055897248081,https://x.com/teamtruth2022/status/1879600814291108046,False,https://fullfact.org/us/blue-roofed-house-LA-fires-AI-creation/,MW,1.56080811334267E+018,165,False,Wed Jan 15 18:45:30 +0000 2025,189,https://i.imgflip.com/9hp6wf.jpg,https://i.imgflip.com/wxica.jpg,"@teamtruth2022 Fact-Check Context:
  1. This AI-generated meme fact-checks the original post's claim.
  2. Full fact-check article source: https://t.co/tJI7JihI3j",27,5,0,0,no,factual,ai
2025-01-24 16:26:34.059935,https://x.com/Meme__Fact/status/1882827338263523609,https://x.com/Meme__Fact/status/1882827340389978444,https://x.com/EndWokeness/status/1881339609709449357,False,https://www.factcheck.org/2025/01/no-evidence-officer-who-shot-ashli-babbitt-was-pardoned-by-biden/,End Wokeness,1.55279596995964E+018,3490083,True,Mon Jan 20 13:54:51 +0000 2025,98,https://i.imgflip.com/9htna2.jpg,https://i.imgflip.com/28s2gu.jpg,"@EndWokeness Fact-Check Context:
  1. This AI-generated meme fact-checks the original post's claim.
  2. Full fact-check article source: https://t.co/kHeMqBtkOY",10,9,0,0,no,factual,ai
2025-01-24 16:30:00.626720,https://x.com/Meme__Fact/status/1882828205171577250,https://x.com/Meme__Fact/status/1882828206924796114,https://x.com/uncledoomer/status/1881889823243591747,True,https://fullfact.org/online/woman-protest-kansas-trump-pardon-capitol-riot/,doomer,1.21507759779892E+018,76708,True,Wed Jan 22 02:21:12 +0000 2025,62,https://i.imgflip.com/9htnxl.jpg,https://i.imgflip.com/18gg.jpg,"@uncledoomer Hold up! The original post's claim caught our fact-checker's attention!
Want the full story? Check it out here: https://t.co/aiC6OJdXZe",8,8,0,0,no,humorous,no_ai
2025-01-24 16:33:14.677468,https://x.com/Meme__Fact/status/1882829019390837073,https://x.com/Meme__Fact/status/1882829020804317327,https://x.com/HustleBitch_/status/1877770103229485090,True,https://fullfact.org/online/2017-fire-los-angeles-highighway/,HustleBitch,1.23131438711943E+018,87060,True,Fri Jan 10 17:30:54 +0000 2025,335,https://i.imgflip.com/9htohp.jpg,https://i.imgflip.com/22bdq6.jpg,"@HustleBitch_ Fact-Check Context:
  1. This meme fact-checks the original post's claim.
  2. Full fact-check article source: https://t.co/wxAdJ6C5DI",9,9,0,0,no,factual,no_ai
2025-01-24 16:35:45.625556,https://x.com/Meme__Fact/status/1882829652659438070,https://x.com/Meme__Fact/status/1882829654102278312,https://x.com/NewRulesGeo/status/1870514573515636775,True,https://fullfact.org/online/misleading-image-mariupol-reconstruction-saratov-russia/,NewRulesGeopolitics,1.72942216357134E+018,45248,True,Sat Dec 21 17:00:01 +0000 2024,815,https://i.imgflip.com/9htoyb.jpg,https://i.imgflip.com/3ks7.jpg,"@NewRulesGeo Fact-Check Context:
  1. This meme fact-checks the original post's claim.
  2. Full fact-check article source: https://t.co/kKu2Zqbg3Y",10,10,0,0,no,factual,no_ai
2025-01-24 16:41:23.917145,https://x.com/Meme__Fact/status/1882831071168893358,https://x.com/Meme__Fact/status/1882831072896897124,https://x.com/brexitpirates/status/1882146214386479549,False,https://www.politifact.com/factchecks/2025/jan/23/tweets/posts-falsely-claim-elon-musk-said-maga-will-succe/,Brexit Pirates,1.46682951827497E+018,9294,False,Wed Jan 22 19:20:00 +0000 2025,45,https://i.imgflip.com/9htptx.jpg,https://i.imgflip.com/2zoz.jpg,"@BrexitPirates Fact-Check Context:
  1. This meme fact-checks the original post's claim.
  2. The claim appears to be: False.
  3. Full fact-check article source: https://t.co/BvKTkv7pye",18,17,0,0,no,factual,no_ai
2025-01-27 16:31:30.079921,https://x.com/Meme__Fact/status/1883915744011767961,https://x.com/Meme__Fact/status/1883915745613991975,https://x.com/Pismo_B/status/1882628185097179382,True,https://www.politifact.com/factchecks/2025/jan/24/tweets/video-doesnt-show-roads-to-mexico-after-trumps-imm/,üá∫üá∏ Pismo üá∫üá∏,7.79476491092435E+017,194400,True,Fri Jan 24 03:15:11 +0000 2025,85,https://i.imgflip.com/9i47eb.jpg,https://i.imgflip.com/grr.jpg,"@Pismo_B Fact-Check Context:
  1. This meme fact-checks the original post's claim.
  2. The claim appears to be: False.
  3. Full fact-check article source: https://t.co/Jya6LsnJ9g",9,9,0,0,no,factual,no_ai
2025-01-27 16:33:38.365344,https://x.com/Meme__Fact/status/1883916282229043311,https://x.com/Meme__Fact/status/1883916283973910539,https://x.com/politvidchannel/status/1882223800831582508,False,https://www.politifact.com/factchecks/2025/jan/24/tweets/claim-republicans-support-impeaching-president-don/,PoliticsVideoChannel,4878610324,217096,True,Thu Jan 23 00:28:18 +0000 2025,112,https://i.imgflip.com/9i47rb.jpg,https://i.imgflip.com/1ii4oc.jpg,"@politvidchannel Fact-Check Context:
  1. This meme fact-checks the original post's claim.
  2. The claim appears to be: False.
  3. Full fact-check article source: https://t.co/JTWc1YpcUP",11,11,0,0,no,factual,no_ai
2025-01-27 16:35:52.188140,https://x.com/Meme__Fact/status/1883916843422753263,https://x.com/Meme__Fact/status/1883916845163393253,https://x.com/Girlpatriot1974/status/1882148420871401602,True,https://fullfact.org/online/air-force-one-flypast-navy-video-false/,Girl patriot,1.71071559337531E+018,19079,True,Wed Jan 22 19:28:46 +0000 2025,117,https://i.imgflip.com/9i482c.jpg,https://i.imgflip.com/juq1.jpg,"@Girlpatriot1974 Hold up! The original post's claim caught our fact-checker's attention!
Want the full story? Check it out here: https://t.co/eKpOVBlXF1",11,12,0,0,no,humorous,no_ai
2025-01-28 17:04:05.442347,https://x.com/Meme__Fact/status/1884286332752544156,https://x.com/Meme__Fact/status/1884286334371590269,https://x.com/SilentlySirs/status/1878115599034810442,True,https://fullfact.org/online/taylor-swift-la-fires-deepfake/,SilencedSirs‚óºÔ∏è,1.71192699306586E+018,53496,True,Sat Jan 11 16:23:47 +0000 2025,408,https://i.imgflip.com/9i8rdu.jpg,https://i.imgflip.com/5fgt.jpg,"@SilentlySirs Hold up! The original post's claim caught our fact-checker's attention!
Want the full story? Check it out here: https://t.co/03rP7aKIHl",10,13,0,0,no,humorous,no_ai
2025-01-28 17:12:49.237751,https://x.com/Meme__Fact/status/1884288530966278575,https://x.com/Meme__Fact/status/1884288532555985047,https://x.com/DerrickEvans4WV/status/1881886256764015015,True,https://fullfact.org/online/migrants-border-mexico-video/,Derrick Evans,1.84913453782704E+018,802907,True,Wed Jan 22 02:07:02 +0000 2025,159,https://i.imgflip.com/9i8sjz.jpg,https://i.imgflip.com/22bdq6.jpg,"@DerrickEvans4WV Fact-Check Context:
  1. This AI-generated meme fact-checks the original post's claim.
  2. Full fact-check article source: https://t.co/Km0wYs6nnf",11,15,0,0,no,factual,ai
2025-01-28 17:15:53.825477,https://x.com/Meme__Fact/status/1884289304475660738,https://x.com/Meme__Fact/status/1884289306287595946,https://x.com/JamesPGoddard90/status/1883512616624255338,True,https://fullfact.org/online/false-claim-axel-rudakubana-attack-prison/,James Goddard,1.42363258440007E+018,32449,True,Sun Jan 26 13:49:36 +0000 2025,51,https://i.imgflip.com/9i8t04.jpg,https://i.imgflip.com/2b6i.jpg,"@JamesPGoddard90 Hold up! The original post's claim caught our AI-powered fact-checker's attention!
Want the full story? Check it out here: https://t.co/oFs3Cio48q",13,15,0,0,no,humorous,ai
2025-02-04 17:14:00.095522,https://x.com/Meme__Fact/status/1886825541497397430,https://x.com/Meme__Fact/status/1886825543867252833,https://x.com/mjfree/status/1883317518426857647,True,https://fullfact.org/online/donald-trump-epstein-picture-ai/,Morgan J. Freeman,24113137,398581,True,Sun Jan 26 00:54:21 +0000 2025,232,https://i.imgflip.com/9j1g3p.jpg,https://i.imgflip.com/8h0c8.jpg,"@mjfree Fact-Check Context:
  1. This AI-generated meme fact-checks the original post's claim.
  2. Full fact-check article source: https://t.co/RV5ZWLjwva",11,9,0,0,no,factual,ai
2025-02-04 17:15:39.826467,https://x.com/Meme__Fact/status/1886825960739119542,https://x.com/Meme__Fact/status/1886825962605568381,https://x.com/RobertCStern/status/1845968561493127381,False,https://fullfact.org/online/no-evidence-mary-donald-trump-quote/,Robert Stern,16927893,10427,False,Mon Oct 14 23:22:56 +0000 2024,2705,https://i.imgflip.com/9j1h6e.jpg,https://i.imgflip.com/2m20oc.jpg,"@RobertCStern @MaryLTrump Hold up! The original post's claim caught our AI-powered fact-checker's attention!
Want the full story? Check it out here: https://t.co/dbrQBfDcLN",13,20,0,0,no,humorous,ai
2025-02-04 17:18:29.263286,https://x.com/Meme__Fact/status/1886826670637674624,https://x.com/Meme__Fact/status/1886826673233949109,https://x.com/ThePatriotOasis/status/1881797290001883502,True,https://fullfact.org/us/donald-trump-executive-order-lgbtq/,The Patriot Oasis‚Ñ¢,1.39253835725147E+018,156954,True,Tue Jan 21 20:13:30 +0000 2025,333,https://i.imgflip.com/9j1hg9.jpg,https://i.imgflip.com/1ii4oc.jpg,"@ThePatriotOasis Fact-Check Context:
  1. This meme fact-checks the original post's claim.
  2. Full fact-check article source: https://t.co/q0xB3yyFYu",10,9,0,0,no,factual,no_ai
2025-02-04 17:21:19.173256,https://x.com/Meme__Fact/status/1886827383178637729,https://x.com/Meme__Fact/status/1886827385758027857,https://x.com/SprinterObserve/status/1881324297442177282,False,https://fullfact.org/online/miscaptioned-video-knesset-crying-ceasefire-hamas-attack/,Sprinter Observer,1.1283379572897E+018,607673,True,Mon Jan 20 12:54:00 +0000 2025,364,https://i.imgflip.com/9j1hyl.jpg,https://i.imgflip.com/33egr8.jpg,"@SprinterObserve Fact-Check Context:
  1. This AI-generated meme fact-checks the original post's claim.
  2. Full fact-check article source: https://t.co/Cp1J7XNfiI",9,9,0,0,no,factual,ai
2025-02-04 17:24:15.628127,https://x.com/Meme__Fact/status/1886828123116671169,https://x.com/Meme__Fact/status/1886828125356532072,https://x.com/fawfulfan/status/1881732562042982817,False,https://www.politifact.com/factchecks/2025/jan/29/tweets/no-were-not-all-female-under-trumps-executive-orde/,Matthew Chapman,716813053,88193,False,Tue Jan 21 15:56:18 +0000 2025,337,https://i.imgflip.com/9j1igl.jpg,https://i.imgflip.com/6zq1x.jpg,"@fawfulfan Plot twist! The post the meme is replying to? It's been fact-checked!
Spoiler alert: The verdict appears to be False. Don't just take our meme's word for it, though.
For the full scoop, check out: https://t.co/0W6myufINM",24,12,0,0,no,humorous,no_ai
2025-02-11 16:35:34.274244,https://x.com/Meme__Fact/status/1889352586349736314,https://x.com/Meme__Fact/status/1889352588379762728,https://x.com/BGatesIsaPyscho/status/1887011190078844973,True,https://fullfact.org/online/image-not-brigitte-macron-young-man/,Concerned Citizen,629698642,863312,True,Wed Feb 05 05:31:41 +0000 2025,155,https://i.imgflip.com/9jumc0.jpg,https://i.imgflip.com/2dt3rd.jpg,"@BGatesIsaPyscho Fact-Check Context:
  1. This AI-generated meme fact-checks the original post's claim.
  2. Full fact-check article source: https://t.co/PkpXgIKryK",17,7,0,0,no,factual,ai
2025-02-11 16:37:20.174129,https://x.com/Meme__Fact/status/1889353030769729634,https://x.com/Meme__Fact/status/1889353032355176592,https://x.com/RadioGenoa/status/1886117518206443821,False,https://fullfact.org/online/edited-photo-placard-nadia-whittome/,RadioGenoa,1.42940036681951E+018,1259423,True,Sun Feb 02 18:20:33 +0000 2025,214,https://i.imgflip.com/9junbr.jpg,https://i.imgflip.com/ezkn.jpg,"@RadioGenoa Hold up! The original post's claim caught our fact-checker's attention!
Want the full story? Check it out here: https://t.co/qGiVoHnOuZ",10,8,0,0,no,humorous,no_ai
2025-02-11 16:40:13.735936,https://x.com/Meme__Fact/status/1889353757005054065,https://x.com/Meme__Fact/status/1889353760142504373,https://x.com/CalltoActivism/status/1880046468838617252,True,https://fullfact.org/online/picture-mexican-president-make-america-mexicana-again-hat-fake/,CALL TO ACTIVISM,8.19994707061248E+017,1095766,True,Fri Jan 17 00:16:22 +0000 2025,616,https://i.imgflip.com/9junnb.jpg,https://i.imgflip.com/25vx.jpg,"@CalltoActivism Fact-Check Context:
  1. This AI-generated meme fact-checks the original post's claim.
  2. Full fact-check article source: https://t.co/vyXvgas2vG",8,6,0,0,no,factual,ai
2025-02-12 17:03:38.384430,https://x.com/Meme__Fact/status/1889722038098567390,https://x.com/Meme__Fact/status/1889722039679758473,https://x.com/GBPolitcs/status/1883983702742667725,False,https://fullfact.org/online/london-social-housing-foreign-born/,GB Politics,1.8599852847141E+018,19373,True,Mon Jan 27 21:01:32 +0000 2025,380,https://i.imgflip.com/9jzggf.jpg,https://i.imgflip.com/61x8.jpg,"@GBPolitcs Fact-Check Context:
  1. This meme fact-checks the original post's claim.
  2. Full fact-check article source: https://t.co/qpe595zgkG",5,4,0,0,no,factual,no_ai
2025-02-17 17:05:50.508276,https://x.com/Meme__Fact/status/1891534529979957641,https://x.com/Meme__Fact/status/1891534531825430835,https://x.com/realDonaldTrump/status/1887543203953275347,False,https://www.factcheck.org/2025/02/trump-online-posts-misrepresent-government-subscriptions-to-news-services/,Donald J. Trump,25073877,101139410,True,Thu Feb 06 16:45:43 +0000 2025,264,https://i.imgflip.com/9kj5ke.jpg,https://i.imgflip.com/qeqb.jpg,"@realDonaldTrump Fact-Check Context:
  1. This meme fact-checks the original post's claim.
  2. Full fact-check article source: https://t.co/AkNhbVricK",5,4,0,0,no,factual,no_ai
2025-02-17 17:07:58.916245,https://x.com/Meme__Fact/status/1891535067907772711,https://x.com/Meme__Fact/status/1891535070516609108,https://x.com/engineers_feed/status/1888607326044582015,True,https://fullfact.org/online/russian-rocket-lightning-strike-created-digitally/,World of Engineering,3429950987,3364488,True,Sun Feb 09 15:14:09 +0000 2025,193,https://i.imgflip.com/9kj5va.jpg,https://i.imgflip.com/9af9xt.jpg,"@engineers_feed Hold up! The original post's claim caught our AI-powered fact-checker's attention!
Want the full story? Check it out here: https://t.co/154mZT8Dls",5,4,0,0,no,humorous,ai
2025-02-17 17:10:35.590681,https://x.com/Meme__Fact/status/1891535726266761699,https://x.com/Meme__Fact/status/1891535728577826975,https://x.com/elonmusk/status/1876435054622388257,True,https://fullfact.org/online/list-mp-names-deporting-rapists-signatories-letter/,Elon Musk,44196397,218001509,True,Tue Jan 07 01:05:54 +0000 2025,1000,https://i.imgflip.com/9kj65e.jpg,https://i.imgflip.com/1bhd.jpg,"@elonmusk Fact-Check Context:
  1. This meme fact-checks the original post's claim.
  2. Full fact-check article source: https://t.co/a47bLq9LPv",6,6,0,0,no,factual,no_ai
2025-02-17 17:17:03.316478,https://x.com/Meme__Fact/status/1891537352939516231,https://x.com/Meme__Fact/status/1891537354864677125,https://x.com/LibertyLockPod/status/1889425425580818693,True,https://fullfact.org/online/kanye-west-celebrities-video-fake/,Clint Russell,24222232,230961,True,Tue Feb 11 21:24:59 +0000 2025,139,https://i.imgflip.com/9kj6zp.jpg,https://i.imgflip.com/b2jt6.jpg,"@LibertyLockPod Fact-Check Context:
  1. This AI-generated meme fact-checks the original post's claim.
  2. Full fact-check article source: https://t.co/ZNSXdaWjUT",6,5,0,0,no,factual,ai
2025-02-17 17:18:42.559052,https://x.com/Meme__Fact/status/1891537768485933184,https://x.com/Meme__Fact/status/1891537771107418236,https://x.com/procurementfile/status/1888695246323626496,False,https://fullfact.org/online/albania-porsches-prisoner-transfer-deal/,The Procurement Files,1.86609482448026E+018,38031,True,Sun Feb 09 21:03:31 +0000 2025,188,https://i.imgflip.com/9kj7au.jpg,https://i.imgflip.com/2d3al6.jpg,"@procurementfile @WokeWaste Fact-Check Context:
  1. This meme fact-checks the original post's claim.
  2. Full fact-check article source: https://t.co/aVwOdx8FGB",6,7,0,0,no,factual,no_ai
2025-02-17 17:21:58.801887,https://x.com/Meme__Fact/status/1891538590577864724,https://x.com/Meme__Fact/status/1891538593186787355,https://x.com/Britlad95/status/1868687859932414374,False,https://fullfact.org/online/council-elections-war-cancelled/,The British Patriot,1.80831836922695E+018,94707,False,Mon Dec 16 16:01:19 +0000 2024,1513,https://i.imgflip.com/9kj7ir.jpg,https://i.imgflip.com/1w7ygt.jpg,"@TheBritLad Fact-Check Context:
  1. This AI-generated meme fact-checks the original post's claim.
  2. Full fact-check article source: https://t.co/VUX8cuTnST",7,7,0,0,no,factual,ai
2025-02-19 18:15:41.486578,https://x.com/Meme__Fact/status/1892276883552600093,https://x.com/Meme__Fact/status/1892276885897236532,https://x.com/ErrolWebber/status/1891047059274514825,False,https://www.politifact.com/factchecks/2025/feb/18/tweets/social-media-post-inflates-federal-workforce-growt/,Errol Webber,1.0920370214329E+018,238550,True,Sun Feb 16 08:48:47 +0000 2025,81,https://i.imgflip.com/9ks345.jpg,https://i.imgflip.com/c2qn.jpg,"@ErrolWebber Fact-Check Context:
  1. This AI-generated meme fact-checks the original post's claim.
  2. The claim appears to be: False.
  3. Full fact-check article source: https://t.co/1pbHrdnrqs",10,10,0,0,no,factual,ai
2025-02-19 18:18:02.904109,https://x.com/Meme__Fact/status/1892277477399015537,https://x.com/Meme__Fact/status/1892277479928217838,https://x.com/gaborgurbacs/status/1889430031904182754,False,https://www.politifact.com/factchecks/2025/feb/18/tweets/x-post-exaggerates-wealth-of-nancy-pelosi-mitch-mc/,Gabor Gurbacs,2809989583,80514,True,Tue Feb 11 21:43:18 +0000 2025,188,https://i.imgflip.com/9ks3ew.jpg,https://i.imgflip.com/6z2t.jpg,"@gaborgurbacs @elonmusk @DOGE Fact-Check Context:
  1. This meme fact-checks the original post's claim.
  2. The claim appears to be: Mostly False.
  3. Full fact-check article source: https://t.co/IjE34C8B4f",10,10,0,0,no,factual,no_ai
2025-02-19 18:20:39.304046,https://x.com/Meme__Fact/status/1892278132767395841,https://x.com/Meme__Fact/status/1892278135871156652,https://x.com/Daily_Express/status/1891136703487971677,False,https://fullfact.org/immigration/express-population-growth/,Daily Express,17895820,1033828,True,Sun Feb 16 14:45:00 +0000 2025,75,https://i.imgflip.com/9ks3sk.jpg,https://i.imgflip.com/1jwhww.jpg,"@Daily_Express @Express_Knowles Fact-Check Context:
  1. This meme fact-checks the original post's claim.
  2. Full fact-check article source: https://t.co/yeE4hTFSn0",9,9,0,0,no,factual,no_ai
2025-02-20 17:13:01.629254,https://x.com/Meme__Fact/status/1892623502940766289,https://x.com/Meme__Fact/status/1892623504597524631,https://x.com/MrHarryCole/status/1891616336163336587,False,https://fullfact.org/news/sun-eight-billion-taxpayers-alliance-ukri/,Harry Cole,15348883,171416,True,Mon Feb 17 22:30:53 +0000 2025,66,https://i.imgflip.com/9kwe1r.jpg,https://i.imgflip.com/21tqf4.jpg,"@MrHarryCole Fact-Check Context:
  1. This AI-generated meme fact-checks the original post's claim.
  2. Full fact-check article source: https://t.co/0n5hzPylcH",12,17,0,0,no,factual,ai
2025-02-25 17:09:13.194584,https://x.com/Meme__Fact/status/1894434484071608809,https://x.com/Meme__Fact/status/1894434485963292955,https://x.com/iluminatibot/status/1887836071452434674,False,https://fullfact.org/online/brigitte-macron-man-conspiracy-false/,illuminatibot,3376321847,2232044,True,Fri Feb 07 12:09:28 +0000 2025,436,https://i.imgflip.com/9lgiyb.jpg,https://i.imgflip.com/2za3u1.jpg,"@iluminatibot Hold up! The original post's claim caught our fact-checker's attention!
Want the full story? Check it out here: https://t.co/n8uclff7yq",9,6,0,0,no,humorous,no_ai
2025-02-25 17:11:57.248374,https://x.com/Meme__Fact/status/1894435171505516936,https://x.com/Meme__Fact/status/1894435174038868321,https://x.com/notgonnagoyet/status/1887864340268691832,False,https://fullfact.org/online/rupert-lowe-sign-language-fake-tweet/,Jo,1.26821194561169E+018,11571,False,Fri Feb 07 14:01:48 +0000 2025,435,https://i.imgflip.com/9lgjck.jpg,https://i.imgflip.com/glkj.jpg,"@notgonnagoyet @CommonsStandard Fact-Check Context:
  1. This AI-generated meme fact-checks the original post's claim.
  2. Full fact-check article source: https://t.co/nf41eO9sW4",7,6,0,0,no,factual,ai
2025-02-27 17:18:48.826952,https://x.com/Meme__Fact/status/1895161672983060839,https://x.com/Meme__Fact/status/1895161674962805144,https://x.com/yo2thok/status/1801102137021386958,False,https://fullfact.org/health/graphene-oxide-san-pellegrino/,Z Operation,497234852,63589,False,Thu Jun 13 03:59:46 +0000 2024,6229,https://i.imgflip.com/9lpnoz.jpg,https://i.imgflip.com/61x8.jpg,"@yo2thok @Sanpellegrino @BPOM_RI Hold up! The original post's claim caught our fact-checker's attention!
Want the full story? Check it out here: https://t.co/biLHZzwG5E",13,12,0,0,no,humorous,no_ai
2025-03-05 17:54:57.013349,https://x.com/Meme__Fact/status/1897345095273218380,https://x.com/Meme__Fact/status/1897345097353535586,https://x.com/montef/status/1896973767190176125,False,https://www.politifact.com/factchecks/2025/mar/05/tweets/no-trump-didnt-post-that-the-president-should-be-i/,Monte Freeman,14539437,484,False,Tue Mar 04 17:19:24 +0000 2025,24,https://i.imgflip.com/9md54c.jpg,https://i.imgflip.com/2m20oc.jpg,"@montef Fact-Check Context:
  1. This AI-generated meme fact-checks the original post's claim.
  2. The claim appears to be: Completely False and Absurd.
  3. Full fact-check article source: https://t.co/3phSKIf1LW",89,11,0,0,yes,factual,ai
